Campaign_Name,CTR,CPC,CPA,CPM
Control Campaign,4.856521381969,0.433031114106,4.407229074599,21.0302486470000
Test Campaign,8.247125042799,0.425996676317,5.016813504606,35.1324785740000
