Campaign_Name,impressions_to_clicks,clicks_to_searches,searches_to_view_content,view_content_to_cart,cart_to_purchase
Control Campaign,4.856521381969,41.747730115422,87.506597534850,66.879545857725,40.214854111405
Test Campaign,8.247125042799,40.239967562690,77.887685735776,46.445100397215,58.332679482149
